DecisionTreeClassifier 1,0.33558648111332007
DecisionTreeClassifier 2,0.34314115308151094
DecisionTreeClassifier 3,0.33876739562624253
DecisionTreeClassifier 4,0.3427435387673956
DecisionTreeClassifier 5,0.3650099403578529
