RandomForestClassifier 1,0.5110837438423645
RandomForestClassifier 2,0.5173645320197044
RandomForestClassifier 3,0.5192118226600986
RandomForestClassifier 4,0.5185960591133005
RandomForestClassifier 5,0.517487684729064
RandomForestClassifier 6,0.9951970443349754
