DecisionTreeClassifier 1,0.46539379474940334
DecisionTreeClassifier 2,0.46539379474940334
DecisionTreeClassifier 3,0.45584725536992843
DecisionTreeClassifier 4,0.46539379474940334
DecisionTreeClassifier 5,0.46539379474940334
