DecisionTreeClassifier 1,0.41766109785202865
DecisionTreeClassifier 2,0.41766109785202865
DecisionTreeClassifier 3,0.39856801909307876
DecisionTreeClassifier 4,0.41766109785202865
DecisionTreeClassifier 5,0.41766109785202865
