DecisionTreeClassifier 1,0.324582338902148
DecisionTreeClassifier 2,0.324582338902148
DecisionTreeClassifier 3,0.27923627684964203
DecisionTreeClassifier 4,0.4128878281622912
DecisionTreeClassifier 5,0.4128878281622912
