XGBClassifier 1,0.365234375
XGBClassifier 2,0.478515625
XGBClassifier 3,0.4609375
XGBClassifier 4,0.439453125
XGBClassifier 5,0.462890625
XGBClassifier 6,0.396484375
