RandomForestClassifier 1,0.3919617986470354
RandomForestClassifier 2,0.3987266215678472
RandomForestClassifier 3,0.39753282928770395
RandomForestClassifier 4,0.39992041384799043
RandomForestClassifier 5,0.3979307600477517
RandomForestClassifier 6,0.3804218066056506
