DecisionTreeClassifier 1,0.5155131264916468
DecisionTreeClassifier 2,0.5155131264916468
DecisionTreeClassifier 3,0.4821002386634845
DecisionTreeClassifier 4,0.5155131264916468
DecisionTreeClassifier 5,0.5155131264916468
