SXGBClassifier 1,0.416015625
SXGBClassifier 2,0.435546875
SXGBClassifier 3,0.42578125
