DecisionTreeClassifier 1,0.7376526818906001
DecisionTreeClassifier 2,0.7376526818906001
DecisionTreeClassifier 3,0.6999468932554435
DecisionTreeClassifier 4,0.7113648433351035
DecisionTreeClassifier 5,0.7113648433351035
