RandomForestClassifier 1,0.5364148047074876
RandomForestClassifier 2,0.5418727613849565
RandomForestClassifier 3,0.5420433225311274
RandomForestClassifier 4,0.5422138836772983
RandomForestClassifier 5,0.5384615384615384
RandomForestClassifier 6,0.9991471942691454
