DecisionTreeClassifier 1,0.4152744630071599
DecisionTreeClassifier 2,0.4152744630071599
DecisionTreeClassifier 3,0.39856801909307876
DecisionTreeClassifier 4,0.4152744630071599
DecisionTreeClassifier 5,0.4152744630071599
