DecisionTreeClassifier 1,0.4362719065321296
DecisionTreeClassifier 2,0.4362719065321296
DecisionTreeClassifier 3,0.4232607541157727
DecisionTreeClassifier 4,0.4362719065321296
DecisionTreeClassifier 5,0.4362719065321296
