DecisionTreeClassifier 1,0.45193839617631437
DecisionTreeClassifier 2,0.45193839617631437
DecisionTreeClassifier 3,0.44689325544344133
DecisionTreeClassifier 4,0.45193839617631437
DecisionTreeClassifier 5,0.45193839617631437
