RandomForestClassifier 1,0.5101058710298364
RandomForestClassifier 2,0.5145572666025024
RandomForestClassifier 3,0.516963426371511
RandomForestClassifier 4,0.5150384985563041
RandomForestClassifier 5,0.5160009624639076
RandomForestClassifier 6,0.9957892204042348
