DecisionTreeClassifier 1,0.4952203929899097
DecisionTreeClassifier 2,0.4952203929899097
DecisionTreeClassifier 3,0.45778013807753587
DecisionTreeClassifier 4,0.4944237918215613
DecisionTreeClassifier 5,0.4944237918215613
