RandomForestClassifier 4,0.3436754176610978
RandomForestClassifier 5,0.360381861575179
XGBRFClassifier 1,0.4295942720763723
XGBRFClassifier 2,0.4295942720763723
XGBRFClassifier 3,0.4295942720763723
XGBRFClassifier 4,0.4295942720763723
XGBRFClassifier 5,0.4295942720763723
XGBRFClassifier 6,0.4295942720763723
