RandomForestClassifier 1,0.5139877924720244
RandomForestClassifier 2,0.5197100712105799
RandomForestClassifier 3,0.5198372329603256
RandomForestClassifier 4,0.5179298067141404
RandomForestClassifier 5,0.5195829094608342
RandomForestClassifier 6,0.996439471007121
