DecisionTreeClassifier 1,0.5645246946362188
DecisionTreeClassifier 2,0.5645246946362188
DecisionTreeClassifier 3,0.5053106744556559
DecisionTreeClassifier 4,0.556558682952735
DecisionTreeClassifier 5,0.556558682952735
