RandomForestClassifier 1,0.4971126082771896
RandomForestClassifier 2,0.5048123195380173
RandomForestClassifier 3,0.5010827718960539
RandomForestClassifier 4,0.5022858517805582
RandomForestClassifier 5,0.5026467757459095
RandomForestClassifier 6,0.9943455245428297
