RandomForestClassifier 1,0.4970752797558494
RandomForestClassifier 2,0.5021617497456765
RandomForestClassifier 3,0.5034333672431333
RandomForestClassifier 4,0.500381485249237
RandomForestClassifier 5,0.4998728382502543
RandomForestClassifier 6,0.9972024415055951
