DecisionTreeClassifier 1,0.40572792362768495
DecisionTreeClassifier 2,0.40572792362768495
DecisionTreeClassifier 3,0.431980906921241
DecisionTreeClassifier 4,0.42720763723150357
DecisionTreeClassifier 5,0.42720763723150357
