DecisionTreeClassifier 1,0.5228359001593202
DecisionTreeClassifier 2,0.5228359001593202
DecisionTreeClassifier 3,0.475570897503983
DecisionTreeClassifier 4,0.5204460966542751
DecisionTreeClassifier 5,0.5204460966542751
