DecisionTreeClassifier 1,0.35083532219570407
DecisionTreeClassifier 2,0.35083532219570407
DecisionTreeClassifier 3,0.315035799522673
DecisionTreeClassifier 4,0.4224343675417661
DecisionTreeClassifier 5,0.4224343675417661
