DecisionTreeClassifier 1,0.31026252983293556
DecisionTreeClassifier 2,0.31026252983293556
DecisionTreeClassifier 3,0.3556085918854415
DecisionTreeClassifier 4,0.36992840095465396
DecisionTreeClassifier 5,0.36992840095465396
