DecisionTreeClassifier 1,0.6441848114710568
DecisionTreeClassifier 2,0.6441848114710568
DecisionTreeClassifier 3,0.5828465215082316
DecisionTreeClassifier 4,0.6325013276686139
DecisionTreeClassifier 5,0.6325013276686139
