SXGBClassifier 1,0.369140625
SXGBClassifier 2,0.396484375
SXGBClassifier 3,0.40234375
