RandomForestClassifier 4,0.5205734005840191
RandomForestClassifier 5,0.4661534377488718
XGBRFClassifier 1,0.9769046986992301
XGBRFClassifier 2,0.9891160074329706
XGBRFClassifier 3,0.5598619591186621
XGBRFClassifier 4,0.7411733474913724
XGBRFClassifier 5,0.9498274488983276
XGBRFClassifier 6,0.949031059198301
