DecisionTreeClassifier 1,0.31888667992047715
DecisionTreeClassifier 2,0.3304174950298211
DecisionTreeClassifier 3,0.3260437375745527
DecisionTreeClassifier 4,0.32445328031809145
DecisionTreeClassifier 5,0.30576540755467196
DecisionTreeClassifier 6,0.34592445328031807
DecisionTreeClassifier 7,0.37813121272365807
DecisionTreeClassifier 8,0.3407554671968191
