RandomForestClassifier 1,0.5447723008698618
RandomForestClassifier 2,0.5563704588094832
RandomForestClassifier 3,0.5580760702711922
RandomForestClassifier 4,0.5522769913013815
RandomForestClassifier 5,0.5527886747398942
RandomForestClassifier 6,0.9991471942691454
