RandomForestClassifier 4,0.5216352535173878
RandomForestClassifier 5,0.4733209450491107
XGBRFClassifier 1,0.5588001061852933
XGBRFClassifier 2,0.5588001061852933
XGBRFClassifier 3,0.5588001061852933
XGBRFClassifier 4,0.5588001061852933
XGBRFClassifier 5,0.5588001061852933
XGBRFClassifier 6,0.5588001061852933
