RandomForestClassifier 1,0.4963054187192118
RandomForestClassifier 2,0.5007389162561576
RandomForestClassifier 3,0.5041871921182266
RandomForestClassifier 4,0.4991379310344828
RandomForestClassifier 5,0.5017241379310344
RandomForestClassifier 6,0.9961822660098523
