RandomForestClassifier 1,0.49430164888457806
RandomForestClassifier 2,0.5040009699321047
RandomForestClassifier 3,0.5018186226964112
RandomForestClassifier 4,0.501333656644035
RandomForestClassifier 5,0.5031522793404462
RandomForestClassifier 6,0.9943016488845781
