GradientBoostingClassifier 1,0.37828162291169454
GradientBoostingClassifier 2,0.35759745425616546
GradientBoostingClassifier 3,0.3536197295147176
