RandomForestClassifier 1,0.5084869059165859
RandomForestClassifier 2,0.5156401551891368
RandomForestClassifier 3,0.5190349175557711
RandomForestClassifier 4,0.5133365664403492
RandomForestClassifier 5,0.5161251212415131
RandomForestClassifier 6,0.9949078564500485
