RandomForestClassifier 4,0.35083532219570407
RandomForestClassifier 5,0.4105011933174224
XGBRFClassifier 1,0.4033412887828162
XGBRFClassifier 2,0.4009546539379475
XGBRFClassifier 3,0.431980906921241
XGBRFClassifier 4,0.4224343675417661
XGBRFClassifier 5,0.4033412887828162
XGBRFClassifier 6,0.39856801909307876
