DecisionTreeClassifier 1,0.3418225228810187
DecisionTreeClassifier 2,0.34540389972144847
DecisionTreeClassifier 3,0.3700756068444091
DecisionTreeClassifier 4,0.34619976124154395
DecisionTreeClassifier 5,0.3378432152805412
DecisionTreeClassifier 6,0.36888181456426583
DecisionTreeClassifier 7,0.3517707918822125
DecisionTreeClassifier 8,0.3215280541185834
