DecisionTreeClassifier 1,0.9174190122145512
DecisionTreeClassifier 2,0.9174190122145512
DecisionTreeClassifier 3,0.8956452469463622
DecisionTreeClassifier 4,0.9009559214020181
DecisionTreeClassifier 5,0.9009559214020181
