DecisionTreeClassifier 1,0.4677804295942721
DecisionTreeClassifier 2,0.4677804295942721
DecisionTreeClassifier 3,0.46539379474940334
DecisionTreeClassifier 4,0.441527446300716
DecisionTreeClassifier 5,0.441527446300716
